Month,maxtemp,atemp,mintemp,maxdew,adew,mindew,maxhum,ahum,minhum,maxwind,awind,minwind,maxp,ap,minp,prec
1/1/2019,46,41.5,36,39,36.8,35,97,83.5,76,21,11.2,0,29.7,29.6,29.5,0
1/2/2019,41,38.3,37,39,36.1,35,97,92.2,79,15,10.8,8,29.6,29.6,29.4,1
1/3/2019,52,40.5,31,38,36,30,97,85.4,53,13,7.5,0,29.5,29.4,29.4,1
1/4/2019,67,46,30,36,33.4,29,96,66.7,31,10,3.8,0,29.6,29.5,29.4,1
1/5/2019,73,49.1,32,40,35.1,30,93,66.4,24,13,4.3,0,29.6,29.5,29.5,0
1/6/2019,75,53.9,34,61,49,33,100,84.7,53,17,7.6,0,29.6,29.5,29.4,0
1/7/2019,76,67.2,58,64,61.4,57,97,82.8,58,14,8,3,29.5,29.5,29.4,0
1/8/2019,77,61.6,52,61,53.6,36,100,78.9,42,20,4.4,0,29.8,29.6,29.5,0
1/9/2019,62,53.5,43,38,32.1,27,76,45.8,35,17,12.1,0,29.9,29.9,29.8,0
1/10/2019,60,51.2,40,39,34.6,28,86,56.5,32,10,3.3,0,29.8,29.7,29.6,0
1/11/2019,63,55,43,57,49.6,37,97,82.5,65,12,4.4,0,29.6,29.4,29.4,0
1/12/2019,62,54.9,42,56,45.2,34,97,72.8,42,17,8.3,0,29.7,29.5,29.4,1
1/13/2019,53,45.6,38,38,34.7,32,79,66.1,54,15,12.3,6,29.9,29.8,29.7,0
1/14/2019,50,43.8,36,38,34.3,32,86,70.2,57,14,6.9,0,29.9,29.8,29.8,0
1/15/2019,51,49.4,47,46,41.5,37,86,74.5,63,9,4,0,29.8,29.7,29.7,0
1/16/2019,58,54.3,50,56,51.6,46,96,90.5,83,7,2.5,0,29.7,29.6,29.6,0
1/17/2019,77,61.2,48,56,52,45,96,75.6,32,9,4.6,0,29.6,29.6,29.5,1
1/18/2019,66,59.9,50,63,57.7,48,97,92.6,84,17,8.8,0,29.5,29.3,29.2,0
1/19/2019,65,51.6,35,58,31,23,78,46.6,31,25,17.3,8,29.8,29.5,29.2,1
1/20/2019,55,41.5,33,31,25.5,22,85,55,34,10,5.6,0,29.9,29.7,29.6,0
1/21/2019,67,49.8,29,52,40.5,26,92,72.7,48,22,10.2,0,29.6,29.5,29.4,0
1/22/2019,71,60.9,44,58,52.9,38,87,75.4,61,25,12,5,29.5,29.3,29.2,0
1/23/2019,56,43.3,31,35,23.4,18,89,48.6,26,24,12.8,0,29.6,29.6,29.5,1
1/24/2019,64,45,27,35,29.4,23,89,60.4,27,18,6,0,29.7,29.6,29.5,0
1/25/2019,60,48.3,35,43,37.6,31,89,68.6,42,12,4.1,0,29.8,29.7,29.6,0
1/26/2019,64,51.4,39,52,45.3,37,93,81.1,54,10,5.1,0,29.6,29.6,29.5,0
1/27/2019,67,51.6,39,50,42.8,28,100,77.3,23,9,3.5,0,29.6,29.6,29.4,1
1/28/2019,71,55.5,38,51,42.5,26,97,65,39,30,13.5,3,29.6,29.4,29.2,0
1/29/2019,49,43.6,37,29,21.7,17,65,43,31,24,12.5,0,29.8,29.7,29.6,0
1/30/2019,55,47.4,37,40,32.3,25,76,56.9,37,12,5,0,29.7,29.6,29.6,0
1/31/2019,61,54.6,48,57,49.5,40,93,83.1,71,12,3.5,0,29.6,29.5,29.5,0
2/1/2019,67,60.4,57,60,57.5,55,97,90.6,76,8,3.8,0,29.6,29.5,29.5,1
2/2/2019,67,62.6,60,62,59.8,58,97,90.8,81,8,5.1,0,29.6,29.5,29.4,0
2/3/2019,76,67.1,62,65,63.1,61,100,87.8,64,17,9.3,3,29.4,29.3,29.3,1
2/4/2019,75,69.3,66,67,65.4,65,96,87.5,71,15,8.9,5,29.4,29.3,29.3,0
2/5/2019,78,70.7,68,67,66.4,65,96,86.6,64,18,9.9,3,29.4,29.3,29.3,0
2/6/2019,77,71.8,69,69,67.6,66,96,86.6,74,20,12,6,29.3,29.3,29.2,0
2/7/2019,73,61.7,40,68,49.3,25,87,65.1,41,24,17.1,5,29.9,29.5,29.2,1
2/8/2019,39,36.3,34,25,21.7,18,67,55.4,49,24,17.8,14,30,30,29.9,1
2/9/2019,41,37.9,35,38,33.4,27,96,84.2,72,17,10.3,6,30,29.9,29.8,0
2/10/2019,49,43.8,39,47,41.5,37,93,91.8,86,10,5.7,0,29.7,29.6,29.5,1
2/11/2019,63,57.5,49,59,54.3,46,93,89.2,83,8,4.6,0,29.5,29.3,29.2,1
2/12/2019,65,54.2,36,55,35.7,28,89,53.8,25,25,8.9,0,29.8,29.6,29.4,1
2/13/2019,64,49,29,46,34.7,27,92,62.7,31,18,7.3,0,29.8,29.6,29.4,0
2/14/2019,74,61.6,52,56,52.3,47,87,72.8,52,24,12.4,3,29.4,29.3,29.2,0
2/15/2019,85,66.9,52,60,54.7,50,93,68.8,35,20,7.3,0,29.2,29.2,29.1,0
2/16/2019,59,50.1,43,48,41.1,36,86,71.4,57,18,10.7,3,29.3,29.2,29.1,0
2/17/2019,62,55.7,49,54,43.5,33,96,65.8,44,22,12.1,0,29.5,29.3,29.1,0
2/18/2019,61,50.5,44,35,32.1,31,60,50.1,34,22,15.5,10,29.6,29.6,29.5,0
2/19/2019,46,43.3,41,40,38.1,32,93,82.7,58,16,13.1,7,29.6,29.4,29.3,0
2/20/2019,64,49.4,38,39,36.8,31,86,65.7,29,10,6.4,0,29.5,29.4,29.3,1
2/21/2019,56,52.5,43,49,44.2,38,92,73.8,64,13,8,0,29.4,29.4,29.3,0
2/22/2019,58,53,50,53,50.6,48,97,91.5,83,13,6.5,0,29.4,29.3,29.3,0
2/23/2019,77,60.6,50,60,41.9,21,100,62.6,14,23,6.5,0,29.6,29.3,29.2,1
2/24/2019,64,52.8,40,33,30.7,27,77,45,25,17,9.5,0,29.8,29.7,29.6,0
2/25/2019,67,54,38,52,42.4,32,83,66.5,42,15,7.3,0,29.7,29.6,29.6,0
2/26/2019,65,58.2,55,59,55.6,52,96,90.9,81,9,5.3,0,29.6,29.5,29.5,0
2/27/2019,78,64.3,53,65,60.4,47,97,88,60,17,2.7,0,29.5,29.5,29.4,1
2/28/2019,49,43.7,41,44,39,37,93,83.3,79,16,12.1,7,29.6,29.5,29.5,0
3/1/2019,55,48.5,43,51,43.3,38,93,82,76,12,5.3,0,29.5,29.5,29.4,1
3/2/2019,53,49.8,46,49,47.3,44,97,91.1,83,15,10.4,5,29.5,29.5,29.4,0
3/3/2019,47,44.1,35,44,38.5,24,93,81,64,25,17,8,29.7,29.5,29.4,1
3/4/2019,39,34,31,24,18.2,14,67,53.3,39,23,17.9,14,29.8,29.8,29.7,0
3/5/2019,48,37.1,26,23,16.3,11,69,44.8,28,21,11,0,30,29.9,29.8,0
3/6/2019,59,45.7,25,48,31,20,86,60.4,31,17,8.8,0,29.9,29.8,29.6,0
3/7/2019,73,59.8,51,63,53.6,48,96,81.2,57,21,10.3,5,29.6,29.5,29.4,0
3/8/2019,82,72.5,66,67,65.7,63,94,79.8,56,18,13.1,8,29.4,29.3,29.2,0
3/9/2019,86,71.9,53,69,57.3,32,93,67.2,17,17,9.5,0,29.3,29.2,29.1,1
3/10/2019,79,67.8,53,69,61.1,45,96,79.5,66,15,7.2,0,29.5,29.4,29.3,0
3/11/2019,67,61.4,59,57,53,48,90,74.5,62,16,11.6,7,29.6,29.6,29.5,0
3/12/2019,79,67.1,59,69,62.5,56,97,86.5,56,23,12.2,5,29.6,29.4,29.2,1
3/13/2019,82,69.7,57,69,60.7,53,91,75,38,24,12.8,0,29.2,29.1,29,1
3/14/2019,75,68.8,51,69,42,34,91,41.3,25,20,12.1,5,29.6,29.4,29.1,1
3/15/2019,60,54.5,47,35,30.2,25,61,40.5,28,28,16.6,7,29.8,29.8,29.6,0
3/16/2019,60,53.3,40,37,29.9,25,73,42.9,26,14,8.7,5,29.9,29.8,29.7,0
3/17/2019,67,53.2,39,40,35.5,32,82,55.2,27,9,3.2,0,29.8,29.7,29.6,0
3/18/2019,69,54.4,40,43,36.6,29,89,57.5,25,15,4.8,0,29.7,29.7,29.6,0
3/19/2019,72,57.1,43,50,42,37,86,60.5,30,15,5.1,0,29.7,29.6,29.6,0
3/20/2019,75,60.5,46,52,49.2,44,93,69.5,41,14,4.3,0,29.7,29.6,29.6,0
3/21/2019,76,60.8,46,48,40.8,21,89,55.1,14,9,4,0,29.7,29.6,29.5,0
3/22/2019,79,63.1,44,56,47.3,40,89,59.8,36,14,6.9,0,29.6,29.5,29.4,0
3/23/2019,74,67,61,62,58,49,87,73.2,60,17,8.6,0,29.5,29.5,29.4,0
3/24/2019,82,70.6,65,66,63.3,62,93,79,52,14,8.6,5,29.5,29.5,29.4,0
3/25/2019,81,72,61,68,59.7,46,93,68.2,33,18,9,0,29.6,29.5,29.4,0
3/26/2019,78,63.3,51,51,48.5,46,89,61.2,36,14,6.9,0,29.8,29.7,29.6,0
3/27/2019,78,61.8,44,56,50.7,43,100,71,40,16,6.9,0,29.7,29.6,29.6,0
3/28/2019,78,63.8,49,59,54.1,47,97,73,46,20,9.3,0,29.6,29.6,29.4,0
3/29/2019,79,68,61,62,59.6,57,93,75.9,48,18,12.2,5,29.5,29.4,29.3,0
3/30/2019,71,63.8,52,63,53.4,34,90,70.2,47,26,15.3,6,29.7,29.4,29.3,0
3/31/2019,58,49.8,41,34,30.5,26,70,48.8,30,23,15.5,5,29.8,29.7,29.6,0
4/1/2019,61,48.8,35,38,34.8,31,85,60.9,36,9,4.4,0,29.7,29.6,29.6,0
4/2/2019,74,54.8,34,45,35.9,32,96,55.8,25,14,6.1,0,29.7,29.6,29.5,0
4/3/2019,70,63.6,54,65,56.5,46,93,78.1,61,17,10.5,3,29.6,29.5,29.4,0
4/4/2019,91,74.8,66,67,64.4,49,97,74.2,23,13,7.8,0,29.4,29.4,29.3,1
4/5/2019,82,69.7,57,66,62.9,53,94,79.9,54,13,4.8,0,29.5,29.4,29.3,0
4/6/2019,73,71.4,68,70,68.2,65,97,89.4,81,12,6,0,29.3,29.3,29.2,0
4/7/2019,71,66.6,64,66,61.4,54,94,83.7,61,22,8,0,29.4,29.3,29.2,1
4/8/2019,87,71.8,60,61,55,50,86,57.7,28,31,8,0,29.4,29.4,29.3,1
4/9/2019,89,71.6,54,62,57.2,52,93,65.3,34,9,3.3,0,29.4,29.3,29.2,0
4/10/2019,92,74.2,54,62,57.3,53,100,60.9,31,22,11.6,0,29.2,29.1,28.9,0
4/11/2019,82,70.8,57,59,47.5,34,93,50.6,18,14,6.5,0,29.2,29.1,28.9,0
4/12/2019,80,66.3,51,65,52.9,44,83,63.6,43,14,9.5,5,29.3,29.2,29.1,0
4/13/2019,71,64.6,50,64,58.3,37,100,81.1,47,23,9.8,0,29.4,29.1,29,0
4/14/2019,74,58.9,48,47,41.2,37,77,54.5,29,24,9,3,29.5,29.4,29.4,1
4/15/2019,81,65.1,46,57,50.3,43,89,62.2,36,17,10.2,0,29.5,29.4,29.4,0
4/16/2019,82,71.1,63,65,61.8,59,90,74,51,21,13.1,5,29.4,29.4,29.3,0
4/17/2019,83,75.2,71,72,69.5,66,93,83,69,20,13.9,7,29.4,29.2,29,1
4/18/2019,76,66.9,58,71,54.8,41,91,69,31,24,11.6,0,29.4,29.2,29.1,1
4/19/2019,76,64.5,51,47,42.2,35,83,47.7,25,20,10,0,29.6,29.5,29.4,0
4/20/2019,81,65,47,57,48.7,42,90,59.8,34,15,7,0,29.6,29.5,29.4,0
4/21/2019,84,67.3,52,67,60.2,50,100,80.4,46,24,11.6,0,29.4,29.4,29.3,0
4/22/2019,80,72.7,68,65,63.1,61,87,73.1,54,21,11.4,6,29.5,29.4,29.4,0
4/23/2019,80,72.9,68,69,66.1,63,87,79.3,66,15,9.1,3,29.4,29.4,29.3,0
4/24/2019,71,65.4,62,66,61.9,58,93,88.6,84,24,8,0,29.4,29.3,29.2,1
4/25/2019,87,69.6,53,59,56.5,52,96,68,31,16,5.1,0,29.4,29.3,29.3,1
4/26/2019,81,70,61,59,56.3,52,90,64.3,36,18,6.7,0,29.6,29.5,29.4,0
4/27/2019,84,71.3,53,64,59.9,52,96,69.7,49,17,8.9,0,29.4,29.3,29.2,0
4/28/2019,85,72.4,63,69,63.9,60,100,76.8,49,16,7.9,0,29.4,29.3,29.3,0
4/29/2019,84,75.7,68,70,66.9,64,87,75,55,15,11.5,6,29.4,29.3,29.3,0
4/30/2019,85,78.8,75,72,70.7,68,85,76.9,57,28,14.8,9,29.4,29.3,29.2,0
5/1/2019,84,78.8,76,72,71.2,69,85,77.7,63,18,12.4,7,29.4,29.3,29.3,0
5/2/2019,82,71.5,62,73,65.5,60,93,81.8,62,24,9.3,0,29.4,28.3,0,0
5/3/2019,83,70.3,63,73,66.4,61,100,87.8,67,35,10,0,29.4,29.3,29.2,0
5/4/2019,81,70.8,60,65,62.3,58,97,75.9,54,17,7.4,0,29.3,29.3,29.2,1
5/5/2019,86,72.2,59,66,63.1,56,93,75.3,48,13,4.8,0,29.4,29.3,29.2,0
5/6/2019,77,70.9,65,71,66.9,63,96,87.2,76,15,6.3,0,29.4,29.4,29.3,0
5/7/2019,86,74.7,67,74,69.5,65,93,84.4,65,28,10.7,0,29.4,29.3,29.2,0
5/8/2019,79,73.6,68,72,68.4,64,93,83.9,72,15,7.5,0,29.2,29.1,29.1,1
5/9/2019,86,77.6,66,74,71.6,58,94,82.5,65,23,7.8,0,29.4,29.2,29.1,1
5/10/2019,68,62,57,57,53.4,50,84,73.5,63,25,14.8,8,29.5,29.4,29.3,0
5/11/2019,67,62.2,59,60,57.5,56,90,84.7,75,14,7.7,0,29.4,29.3,29.3,0
5/12/2019,79,69.5,60,61,57.7,54,90,68.3,45,20,7.3,0,29.4,29.3,29.3,1
5/13/2019,84,69.6,55,62,57.2,53,93,68.3,38,13,4.3,0,29.4,29.4,29.3,0
5/14/2019,82,72.7,61,66,62.8,59,93,73,52,10,3.6,0,29.4,29.4,29.4,0
5/15/2019,87,75.7,64,67,63.9,62,93,69.1,46,9,4,0,29.5,29.4,29.4,0
5/16/2019,88,74.8,63,70,65.5,61,94,75,46,13,5.4,0,29.5,29.4,29.3,0
5/17/2019,91,81,74,73,70.9,69,87,72.5,48,21,13.3,7,29.4,29.3,29.1,0
5/18/2019,88,80.8,77,78,74.4,72,94,81.2,61,24,12.7,3,29.2,29.1,29.1,0
5/19/2019,92,82.4,75,76,74.1,71,94,77.7,52,10,6.1,0,29.3,29.2,29.2,1
5/20/2019,92,83,78,75,72.9,69,88,72.8,50,26,15.8,7,29.3,29.2,29.1,0
5/21/2019,87,78.2,66,74,64,50,87,64.5,31,24,9.5,0,29.2,29.1,29,0
5/22/2019,92,82.5,73,75,71.1,61,90,69.5,50,24,12.7,0,29.3,29.2,29.1,1
5/23/2019,93,84.4,77,75,73.3,71,88,70.3,49,23,15.9,9,29.4,29.3,29.3,0
5/24/2019,92,82.8,76,74,70.9,67,84,68.5,47,21,14.5,7,29.4,29.4,29.3,0
5/25/2019,93,82.2,77,73,70.8,66,84,69.5,47,22,13.3,6,29.5,29.4,29.4,0
5/26/2019,92,82,76,72,69.4,65,87,67.7,42,18,12,7,29.5,29.4,29.4,0
5/27/2019,90,79.8,73,71,69.7,67,90,72.9,46,17,11.3,5,29.4,29.3,29.2,0
5/28/2019,89,81.2,74,73,71.5,69,87,73.3,53,22,13.1,3,29.2,29.2,29.1,0
5/29/2019,93,84.2,79,75,73.5,72,84,70.9,52,22,13.6,3,29.2,29.1,29.1,0
5/30/2019,86,77.7,72,73,71.5,69,94,81.5,65,18,8.3,0,29.4,29.3,29.2,1
5/31/2019,90,81.3,73,74,71.7,69,93,74.2,52,15,5.1,0,29.5,29.4,29.3,0
6/1/2019,91,82.8,75,74,72.6,69,91,73,48,9,4,0,29.4,29.4,29.3,0
6/2/2019,94,82.3,73,75,72.4,69,97,74.3,47,14,4.3,0,29.4,29.4,29.3,0
6/3/2019,93,82.7,72,76,73,69,97,74.3,45,12,6.1,0,29.4,29.4,29.3,0
6/4/2019,85,78.1,73,76,73,71,93,84.8,67,14,3.7,0,29.4,29.4,29.3,0
6/5/2019,91,80.6,76,76,74.2,73,94,81.6,55,14,6,0,29.3,29.3,29.1,1
6/6/2019,92,77.5,69,75,70.1,65,93,78.7,54,29,6.7,0,29.3,29.2,29.1,1
6/7/2019,95,83.6,71,72,68.5,65,91,63.6,39,12,6.8,0,29.2,29.2,29.1,1
6/8/2019,97,83.3,69,74,69.3,66,93,66,37,6,2.9,0,29.3,29.2,29.2,0
6/9/2019,97,82.5,73,76,70,60,94,67.6,39,41,12,0,29.5,29.3,29.2,0
6/10/2019,88,80.4,74,71,66.6,60,79,63.7,46,21,14.2,8,29.6,29.6,29.5,1
6/11/2019,79,74.4,71,71,63.4,57,93,69.5,55,12,5.1,0,29.6,29.5,29.4,0
6/12/2019,90,77.2,66,69,66.2,64,93,71.7,43,8,3,0,29.5,29.4,29.4,1
6/13/2019,91,80.1,69,68,62.1,56,87,57.5,30,10,5.5,0,29.6,29.5,29.4,0
6/14/2019,91,80.7,69,71,67.7,63,90,66.4,43,17,9.9,0,29.5,29.4,29.3,0
6/15/2019,95,83.5,76,74,72.8,70,91,71.9,44,26,13.8,9,29.4,29.3,29.2,0
6/16/2019,96,84.5,72,76,72.9,68,87,69.7,46,18,13,7,29.3,29.3,29.2,0
6/17/2019,90,77.3,70,72,69.1,67,93,77.6,46,23,7,0,29.4,29.3,29.3,1
6/18/2019,93,82.7,72,76,72.1,69,93,72.4,45,14,4.8,0,29.4,29.3,29.3,0
6/19/2019,96,85.8,78,78,75.6,73,90,73.1,49,18,11.2,3,29.3,29.2,29.1,0
6/20/2019,96,85.6,80,79,77.2,76,88,76.8,58,18,11.2,7,29.3,29.2,29.2,0
6/21/2019,95,86.1,80,78,76.4,75,88,73.5,54,20,14.5,9,29.3,29.3,29.2,0
6/22/2019,93,84.1,76,78,75.5,71,87,75.8,54,20,11.6,3,29.4,29.3,29.3,1
6/23/2019,95,86.5,81,78,77.1,76,91,74.8,54,18,13.4,9,29.3,29.3,29.1,1
6/24/2019,83,74.9,69,77,68.6,63,91,80.9,58,20,10.5,0,29.4,29.3,29.2,0
6/25/2019,93,79.2,70,73,69.1,66,90,72.4,50,22,7.2,0,29.5,29.4,29.3,1
6/26/2019,91,79.6,70,76,71.7,67,93,77.8,51,21,5.9,0,29.6,29.5,29.4,0
6/27/2019,94,79.2,72,77,73.3,68,94,83.5,49,35,5.7,0,29.6,29.6,29.5,0
6/28/2019,93,80.3,73,76,72.8,68,97,79.9,49,9,4.4,0,29.6,29.5,29.5,1
6/29/2019,94,81.6,70,73,70,66,93,70,47,21,5.8,0,29.5,29.5,29.4,0
6/30/2019,86,75.8,69,72,68.9,67,93,80.5,55,31,7.9,0,29.6,29.4,29.4,1
7/1/2019,92,81.4,72,74,71.6,69,93,74.1,48,13,6.5,0,29.5,29.4,29.4,1
7/2/2019,94,82,75,76,73.3,70,96,76.9,46,25,9.1,0,29.4,29.4,29.3,0
7/3/2019,92,80.1,75,76,74,70,97,82.9,55,22,9.8,3,29.4,29.4,29.3,0
7/4/2019,93,83,75,76,73.6,71,96,75.5,49,18,8.6,0,29.4,29.4,29.3,0
7/5/2019,95,85.1,78,77,75.1,73,93,73.4,52,20,12,7,29.5,29.4,29.4,0
7/6/2019,93,83.3,76,76,74.4,72,94,76.4,52,15,7.1,0,29.5,29.5,29.4,0
7/7/2019,95,84.9,78,76,74.7,71,93,73.3,47,14,7.8,3,29.5,29.4,29.4,0
7/8/2019,94,82.3,77,76,73.5,63,94,76.2,50,23,8.4,0,29.4,29.4,29.3,0
7/9/2019,96,85.7,77,76,74.8,72,90,71.6,46,17,10.5,6,29.4,29.4,29.3,0
7/10/2019,96,85.6,77,77,74.6,68,96,72,46,31,7.7,0,29.4,29.4,29.3,0
7/11/2019,97,84.5,74,73,70.7,68,87,65.9,40,18,8.5,0,29.5,29.4,29.3,0
7/12/2019,97,85.4,76,74,70.2,66,87,62.3,40,16,8.2,0,29.3,29.3,29.2,0
7/13/2019,95,85,72,75,69.8,65,81,61.1,46,17,9.5,0,29.3,29.3,29.2,0
7/14/2019,97,86.1,75,74,72.4,71,90,65.4,43,14,5.5,0,29.3,29.3,29.3,0
7/15/2019,95,84.7,75,76,74.2,72,91,72,51,15,4.6,0,29.4,29.3,29.3,0
7/16/2019,98,86.2,77,77,74.1,70,96,69.8,41,17,11.3,6,29.4,29.4,29.3,0
7/17/2019,98,85.2,76,77,74.2,71,94,72.2,42,20,11.1,5,29.5,29.4,29.4,0
7/18/2019,97,85.3,73,76,73.3,70,97,70.3,41,17,11,0,29.4,29.4,29.3,0
7/19/2019,98,85.3,76,75,73.3,70,97,70.2,40,18,11.7,7,29.4,29.4,29.3,0
7/20/2019,97,84.6,76,76,72.7,67,94,70.6,38,18,11,5,29.4,29.4,29.3,0
7/21/2019,97,83.8,71,75,71.3,66,97,70.1,37,15,8,0,29.4,29.4,29.3,0
7/22/2019,96,85,75,76,71.9,63,100,68.4,33,9,4.1,0,29.4,29.4,29.4,0
7/23/2019,92,83.8,77,72,65.1,57,82,55.5,32,20,12,0,29.5,29.5,29.4,0
7/24/2019,89,78.7,66,65,58.7,53,87,53.4,30,16,7.8,0,29.6,29.5,29.4,0
7/25/2019,89,75.2,58,62,57.3,54,97,58.6,31,10,4.4,0,29.6,29.5,29.4,0
7/26/2019,91,76.3,61,65,60,55,97,62.1,30,12,3,0,29.6,29.5,29.5,0
7/27/2019,94,80.6,66,71,66.8,64,96,65.9,38,13,4.4,0,29.6,29.5,29.4,0
7/28/2019,97,82.7,72,76,71.5,65,100,73.1,36,16,9.7,3,29.5,29.5,29.4,0
7/29/2019,96,83.8,74,75,71.3,65,100,70.4,37,20,8.9,0,29.5,29.4,29.3,0
7/30/2019,97,85.4,75,76,71.4,64,100,67.1,36,15,7.4,0,29.5,29.4,29.3,0
7/31/2019,99,82.2,0,76,68.4,0,100,64,0,16,5.2,0,29.5,27.2,0,0
8/1/2019,96,84.1,72,74,69.7,66,97,65.5,37,8,4,0,29.5,29.4,29.4,0
8/2/2019,96,85.1,73,74,70,66,96,64,37,9,4.5,0,29.4,29.4,29.3,0
8/3/2019,93,83.2,75,73,71.6,70,94,69.6,48,13,5.6,0,29.4,29.4,29.3,0
8/4/2019,94,82.2,75,76,72.8,68,97,75.1,43,12,4,0,29.4,29.4,29.3,1
8/5/2019,96,84.5,73,76,71.8,69,96,68.9,41,13,4.7,0,29.4,29.4,29.3,0
8/6/2019,97,85.5,73,76,72.2,67,97,67.6,37,14,6,0,29.4,29.3,29.3,0
8/7/2019,97,85.5,76,76,72.9,66,100,70,37,15,9.1,5,29.4,29.3,29.3,0
8/8/2019,99,86,76,77,73.7,68,97,70.4,36,17,10.8,3,29.4,29.3,29.3,0
8/9/2019,100,86,77,77,73.3,67,100,69.5,35,18,11,5,29.4,29.3,29.3,0
8/10/2019,99,85.9,77,76,73,66,96,69.2,34,16,10.6,6,29.4,29.4,29.3,0
8/11/2019,99,85.7,75,77,73.2,67,100,70.8,35,15,9.2,3,29.4,29.4,29.3,0
8/12/2019,101,87.9,76,76,72.4,67,97,64.3,33,14,9.8,3,29.4,29.3,29.2,0
8/13/2019,101,88.2,76,76,72.2,66,100,64.3,32,14,9,3,29.4,29.3,29.3,0
8/14/2019,100,86,75,76,71.9,67,97,66.7,35,28,5,0,29.4,29.4,29.3,0
8/15/2019,99,86.7,75,76,72.3,69,96,65.5,39,8,4.2,0,29.4,29.4,29.3,0
8/16/2019,101,89.1,75,73,70.3,67,87,56.8,33,15,6.7,0,29.4,29.3,29.2,0
8/17/2019,101,87.7,79,76,72.4,65,90,64.1,33,20,11,7,29.3,29.3,29.2,0
8/18/2019,101,87.5,79,77,72.9,67,94,65.7,33,17,10.9,0,29.4,29.3,29.2,0
8/19/2019,101,88.1,78,77,73.3,68,94,65.2,34,15,9,3,29.4,29.4,29.3,0
8/20/2019,99,87.4,77,77,72.1,65,96,63.6,33,17,7.8,0,29.5,29.4,29.4,0
8/21/2019,98,86.3,75,75,70.2,63,94,62.1,31,17,8,0,29.5,29.4,29.3,0
8/22/2019,99,85.8,76,76,71.8,67,91,66.4,35,17,6.5,0,29.4,29.3,29.2,0
8/23/2019,99,85,76,76,72.6,68,94,69,36,31,6.9,0,29.4,29.3,29.2,0
8/24/2019,96,83,76,76,73.4,70,94,74.6,46,16,5,0,29.4,29.3,29.2,0
8/25/2019,100,85.5,76,77,74.7,71,97,73.2,39,17,5.1,0,29.3,29.3,29.1,0
8/26/2019,102,88.4,78,78,75.2,71,94,68.2,38,22,12.2,3,29.3,29.2,29.1,0
8/27/2019,94,85.6,79,77,74.2,69,90,69.9,47,21,8.8,0,29.4,29.3,29.2,0
8/28/2019,99,86.6,76,75,71.2,68,85,62.2,38,12,4.5,0,29.5,29.4,29.4,0
8/29/2019,100,86.3,76,76,71.5,67,91,65,34,12,5.7,0,29.5,29.4,29.3,0
8/30/2019,98,84.5,74,76,71.9,66,97,69.1,35,18,5.5,0,29.5,29.4,29.4,0
8/31/2019,98,84.1,73,74,69.2,61,93,65.2,31,13,3.7,0,29.5,29.4,29.3,0
9/1/2019,97,85.3,73,71,68.5,66,87,59.2,37,23,5.3,0,29.5,29.4,29.4,0
9/2/2019,99,85.4,71,72,65.1,56,91,56,24,13,4.6,0,29.5,29.4,29.4,0
9/3/2019,99,84.7,69,68,65.1,62,87,55.8,30,14,5.4,0,29.4,29.4,29.3,0
9/4/2019,99,86.3,73,71,66,60,85,54.8,28,15,6.9,0,29.5,29.4,29.4,0
9/5/2019,100,85.5,68,72,66.5,60,93,58,27,13,5.3,0,29.6,29.5,29.4,0
9/6/2019,100,87.8,73,72,66.6,60,90,54.2,27,10,4.1,0,29.5,29.4,29.4,0
9/7/2019,100,86.7,74,75,67,59,97,57.1,27,15,7,0,29.5,29.4,29.3,0
9/8/2019,100,85.4,74,75,70.2,61,94,64.6,30,17,10.2,3,29.4,29.4,29.3,0
9/9/2019,97,82.8,74,75,70.8,63,94,70.8,33,20,8,0,29.5,29.4,29.3,0
9/10/2019,98,80.5,72,74,70.9,64,96,75.6,33,31,7,0,29.5,29.5,29.4,0
9/11/2019,95,79.6,70,76,70.8,67,97,76.8,44,25,6.3,0,29.6,29.5,29.4,1
9/12/2019,97,82.4,72,75,70.8,64,97,71.5,34,18,5,0,29.5,29.5,29.4,0
9/13/2019,97,82.3,70,73,67.8,62,97,66.3,31,12,3,0,29.6,29.5,29.4,0
9/14/2019,99,84.6,70,69,64.5,59,90,55.8,28,10,4.6,0,29.6,29.5,29.4,0
9/15/2019,96,83.1,69,71,65.3,61,90,59,31,13,4.6,0,29.5,29.4,29.4,0
9/16/2019,98,85.9,73,70,66.4,62,84,55.6,31,16,7,0,29.5,29.4,29.3,0
9/17/2019,90,80.8,71,73,70.3,67,87,71.3,52,14,7.5,0,29.4,29.3,29.3,0
9/18/2019,99,84.8,72,72,69.8,67,91,64,35,13,5.6,0,29.4,29.3,29.2,0
9/19/2019,97,82.7,76,75,72.2,68,94,72.5,43,17,5.6,0,29.3,29.3,29.2,0
9/20/2019,98,84.8,77,77,73.7,64,94,71.9,33,28,12.4,0,29.4,29.4,29.3,0
9/21/2019,96,83.7,78,76,72.9,67,90,72.5,38,18,11.8,7,29.5,29.4,29.4,0
9/22/2019,97,83.1,74,75,71.6,66,97,72.1,36,15,6.8,0,29.5,29.4,29.3,0
9/23/2019,96,84.3,75,76,72.4,66,96,70.5,37,14,6.7,0,29.5,29.4,29.3,0
9/24/2019,96,82.8,76,76,73.3,68,96,75.3,43,18,8.7,5,29.4,29.4,29.2,0
9/25/2019,97,83,71,73,69,63,97,66.6,36,14,6.9,0,29.3,29.3,29.2,0
9/26/2019,96,82.8,71,73,68,60,93,64.4,30,13,5.5,0,29.4,29.3,29.2,0
9/27/2019,96,82.1,72,74,69.5,62,91,69.4,33,17,7,0,29.3,29.3,29.2,0
9/28/2019,92,83.7,78,78,74.2,70,93,74,50,20,12.1,6,29.4,29.3,29.3,0
9/29/2019,97,85.9,80,76,72.8,68,87,67.3,41,18,13.1,6,29.4,29.4,29.3,0
9/30/2019,96,83.6,79,78,75.4,72,94,77.5,46,24,10.7,6,29.4,29.4,29.3,0
10/1/2019,96,83.8,78,76,72.3,66,93,71.4,38,18,11.2,5,29.4,29.4,29.3,1
10/2/2019,96,81.1,73,75,71.4,65,100,76.4,37,15,4.8,0,29.4,29.4,29.3,0
10/3/2019,96,82.2,70,73,68.3,63,97,67.4,35,12,3.8,0,29.5,29.4,29.4,0
10/4/2019,93,81.3,71,70,67.2,62,93,65.4,36,12,4.5,0,29.5,29.5,29.4,0
10/5/2019,95,80.7,67,70,65,62,93,63,33,8,2.6,0,29.4,29.4,29.3,0
10/6/2019,96,81.5,68,70,63.8,59,90,58.9,29,8,3.3,0,29.4,29.4,29.3,0
10/7/2019,83,75.5,69,69,60.4,55,76,60.2,42,18,12.8,3,29.6,29.5,29.4,0
10/8/2019,85,71.4,61,60,53.8,45,90,58.8,26,12,6.5,0,29.5,29.5,29.4,0
10/9/2019,94,77.1,61,72,64.6,51,90,68.1,37,18,8.6,0,29.4,29.3,29.2,0
10/10/2019,97,84.3,76,74,71.4,67,91,67.6,37,22,15.2,10,29.3,29.3,29.2,0
10/11/2019,81,59,48,74,47.3,33,87,67.9,35,30,18.9,5,29.7,29.5,29.3,1
10/12/2019,63,58.7,55,46,33.3,27,67,39.5,29,23,10.8,0,29.7,29.6,29.5,1
10/13/2019,79,68,57,59,48.3,41,67,50.6,32,9,3.2,0,29.5,29.4,29.4,0
10/14/2019,88,76.5,69,72,68.2,59,97,76.5,55,9,2.6,0,29.4,29.4,29.3,0
10/15/2019,95,82.2,75,74,71.4,67,94,72.6,40,14,6.7,0,29.4,29.3,29.2,0
10/16/2019,75,67.2,53,73,49.7,37,94,57,29,24,14.8,5,29.6,29.5,29.4,1
10/17/2019,76,61.8,52,48,45.3,38,83,57.5,26,10,4.3,0,29.5,29.4,29.3,0
10/18/2019,84,64,47,57,50,44,93,65.2,32,14,3.2,0,29.3,29.2,29.1,0
10/19/2019,68,66,62,65,63.5,61,97,91.6,87,8,3.4,0,29.2,29.2,29.1,0
1/1/2018,31,28,25,22,15.6,11,81,60.3,51,23,17.1,12,30.1,30.1,30,0
1/2/2018,32,29,24,27,18.8,14,92,67.4,48,15,11.2,8,30,29.9,29.9,0
1/3/2018,55,31.6,16,26,20.9,15,100,71.6,27,8,3.1,0,29.9,29.8,29.7,0
1/4/2018,54,40.1,23,32,26.4,22,100,63.5,30,6,2.6,0,29.8,29.8,29.7,0
1/5/2018,60,47.4,37,39,31.6,26,89,58.3,27,12,4.4,0,29.8,29.7,29.7,0
1/6/2018,64,47.6,28,53,43.2,28,100,86.1,63,14,4.1,0,29.8,29.7,29.6,0
1/7/2018,69,60.9,54,59,56.2,50,100,85.6,68,23,11.4,0,29.6,29.4,29.3,0
1/8/2018,69,54.5,36,45,38,35,97,56.9,31,17,11,0,29.6,29.5,29.4,0
1/9/2018,70,48.6,32,41,38,32,100,72.1,31,12,3,0,29.6,29.5,29.4,0
1/10/2018,70,55.6,43,58,51.6,42,100,88.4,57,18,8.9,0,29.4,29.3,29.1,0
1/11/2018,71,57,44,61,45.8,17,100,71.5,30,25,12,0,29.6,29.3,29.2,0
1/12/2018,56,43.2,32,20,16.9,14,61,36.3,20,21,12.4,8,29.8,29.7,29.6,0
1/13/2018,51,36.7,25,22,18.8,16,78,52.3,25,17,8,0,30,29.9,29.8,0
1/14/2018,61,39.2,22,39,30.3,20,100,74,42,12,2.9,0,30,29.9,29.8,0
1/15/2018,68,48.3,29,53,42.8,29,100,84,54,32,9.5,0,29.9,29.7,29.6,0
1/16/2018,37,28.6,26,37,20.6,10,100,73.5,51,32,20.7,9,30.1,30.1,29.9,1
1/17/2018,37,25.6,18,20,12,8,84,58.1,34,14,7.5,0,30.2,30.1,30,1
1/18/2018,44,36.5,27,23,17.8,14,75,48.5,30,8,4.2,0,30,29.9,29.8,0
1/19/2018,54,46.9,40,52,39.2,25,100,75.8,55,8,2.8,0,29.7,29.6,29.5,0
1/20/2018,63,54.9,49,58,53.6,49,100,96,84,16,6.9,0,29.5,29.4,29.4,1
1/21/2018,71,65.4,60,66,64.1,60,100,95.8,84,22,10.5,3,29.4,29.3,29.2,0
1/22/2018,64,54.8,41,62,29.9,20,97,43.1,18,17,8.3,3,29.6,29.5,29.4,0
1/23/2018,64,44.5,27,32,25,18,96,55.9,18,8,3.5,0,29.8,29.7,29.6,0
1/24/2018,64,42.4,24,34,26.3,23,100,62.7,22,8,2,0,29.9,29.8,29.8,0
1/25/2018,65,47.4,25,44,30.7,24,96,59.5,23,13,6,0,29.9,29.8,29.7,0
1/26/2018,68,58.9,51,63,53.7,44,93,83.1,71,13,6,0,29.7,29.6,29.5,0
1/27/2018,70,62.2,58,64,60.1,53,100,93.2,65,18,6.7,0,29.6,29.6,29.5,1
1/28/2018,70,55.9,34,52,40.9,32,92,59.4,30,15,9.3,3,29.8,29.7,29.6,1
1/29/2018,67,49,34,33,28.9,24,92,53.1,20,17,7.7,0,30,29.9,29.8,0
1/30/2018,66,45,27,40,30,27,100,62.3,25,15,5.4,0,29.9,29.8,29.6,0
1/31/2018,71,51.8,38,51,44.7,38,100,81.8,32,21,10.6,0,29.6,29.5,29.4,0
2/1/2018,72,60.7,50,57,47.6,32,100,66.6,31,24,11.3,6,29.7,29.5,29.4,0
2/2/2018,59,51.7,45,35,31.5,28,54,46.4,38,22,13.4,5,29.9,29.8,29.7,0
2/3/2018,56,48.8,41,54,45,34,100,87.6,54,10,6.4,0,29.7,29.5,29.3,0
2/4/2018,74,48.4,34,56,45.1,34,100,90.8,45,23,4.8,0,29.6,29.4,29.3,0
2/5/2018,55,48.3,40,47,37.3,28,74,65.9,61,23,8.5,0,29.6,29.5,29.4,0
2/6/2018,54,47.8,40,51,45.8,0,100,94.8,0,14,10.8,3,29.6,29.5,29.4,0
2/7/2018,47,39.9,36,39,33.1,28,100,79,48,21,14.6,7,29.9,29.7,29.6,0
2/8/2018,58,45.9,32,45,37.2,31,100,74.7,47,16,8.3,3,29.9,29.8,29.6,0
2/9/2018,62,56.2,50,58,51.8,46,100,85.6,72,12,7,3,29.6,29.5,29.4,0
2/10/2018,62,52.9,39,61,51.9,38,100,96.7,82,18,8.2,0,29.4,29.3,29.3,0
2/11/2018,41,34.4,30,38,29.7,24,100,83.7,64,23,15.8,5,29.7,29.6,29.4,0
2/12/2018,41,36.5,30,35,30.8,24,89,80.3,70,17,10.8,5,29.9,29.8,29.7,0
2/13/2018,46,42.4,37,46,42.1,36,100,99,89,9,5.8,3,29.9,29.8,29.8,0
2/14/2018,70,54,46,64,53.4,46,100,97.9,81,14,4,0,29.8,29.7,29.6,0
2/15/2018,77,68.5,64,69,66.4,64,100,93.5,74,18,10.9,3,29.6,29.5,29.4,0
2/16/2018,76,64.7,58,66,57.5,43,100,80.4,48,22,8.9,0,29.6,29.5,29.4,0
2/17/2018,60,54,47,52,48.6,43,100,83.3,59,14,7,0,29.6,29.5,29.4,0
2/18/2018,77,60.1,51,67,57.8,51,100,92.9,66,20,8.3,0,29.6,29.5,29.3,0
2/19/2018,80,73.5,69,69,66.9,65,93,80.4,62,29,17.9,6,29.4,29.3,29.2,0
2/20/2018,73,71.7,70,72,69.6,67,100,93.2,84,23,14,5,29.4,29.3,29.3,0
2/21/2018,72,46,40,70,45.5,40,100,98.2,90,22,14.6,0,29.7,29.6,29.4,0
2/22/2018,44,40.3,37,44,40.3,37,100,100,100,15,10.6,5,29.7,29.6,29.6,0
2/23/2018,63,50.6,43,63,50.5,43,100,99.6,93,9,5.1,0,29.6,29.5,29.4,0
2/24/2018,75,69.4,62,70,66.2,52,100,90.1,70,21,12.2,0,29.4,29.3,29.2,0
2/25/2018,63,57.3,48,56,52.5,48,100,84.6,65,15,8.3,0,29.5,29.4,29.4,0
2/26/2018,68,54,49,55,50.8,49,100,90.5,56,13,6,0,29.6,29.6,29.5,0
2/27/2018,81,66.6,57,71,63.1,55,100,89.6,56,18,8,0,29.6,29.4,29.3,0
2/28/2018,83,72.2,68,69,67.7,65,100,86.9,54,17,10.5,3,29.3,29.2,29.1,0
3/1/2018,74,60.3,47,56,51.7,46,100,75,50,10,6.7,0,29.7,29.6,29.6,0
3/2/2018,72,61,46,64,58.7,46,100,92.9,66,16,6.7,0,29.6,29.6,29.5,0
3/3/2018,79,70.4,64,70,66,63,100,87.6,58,21,12.1,7,29.5,29.4,29.3,0
3/4/2018,83,71.5,61,76,61.3,34,96,75,27,23,11.1,3,29.4,29.3,29.3,1
3/5/2018,73,60.8,50,36,29.3,22,52,33.2,15,15,9,5,29.6,29.5,29.4,0
3/6/2018,66,53.5,44,37,26.3,22,76,37.8,20,17,7.6,0,29.8,29.7,29.6,0
3/7/2018,70,55.7,43,46,35.4,27,80,51.9,21,17,7,0,29.7,29.6,29.5,0
3/8/2018,72,61.7,47,61,53.6,44,90,75.9,59,18,10.6,3,29.5,29.4,29.3,0
3/9/2018,88,72.3,66,66,63.7,60,96,77.4,40,18,9.4,5,29.3,29.2,29.1,0
3/10/2018,70,66.1,56,66,50.5,30,94,62.1,27,31,16.5,3,29.6,29.4,29.2,0
3/11/2018,66,54.2,41,36,33.4,30,76,47.2,27,20,12.3,0,29.8,29.7,29.6,0
3/12/2018,70,52.6,37,40,34.7,30,93,56.8,26,15,5.3,0,29.7,29.7,29.6,0
3/13/2018,71,53.8,34,41,32.4,28,82,49.2,22,10,4.9,0,29.8,29.7,29.6,0
3/14/2018,73,60.2,40,59,50.9,39,97,73,49,21,10.2,0,29.6,29.4,29.3,0
3/15/2018,87,70,63,65,60.4,44,100,77.5,23,12,8.1,0,29.4,29.3,29.2,0
3/16/2018,83,72.1,60,68,65.5,59,96,81.1,54,18,8.7,0,29.4,29.3,29.2,0
3/17/2018,81,72.1,62,69,67.5,58,100,86.2,66,15,6,0,29.3,29.2,29.1,0
3/18/2018,83,70.9,57,68,41.6,19,97,46.5,10,17,10.1,0,29.3,29.2,29.1,1
3/19/2018,74,59.4,45,41,36.7,33,76,45.3,22,17,9.6,0,29.5,29.4,29.3,0
3/20/2018,78,59.5,39,45,37,31,89,51.1,19,14,6.5,0,29.6,29.6,29.5,0
3/21/2018,80,63.7,45,57,50.6,43,93,65.7,39,23,9.9,0,29.7,29.6,29.6,0
3/22/2018,80,67.4,55,63,59.9,53,93,77.9,54,21,12.7,3,29.6,29.5,29.4,0
3/23/2018,83,73.6,67,67,65.4,63,87,76.2,56,15,9.3,6,29.4,29.3,29.3,0
3/24/2018,77,71.7,68,68,67.2,64,100,85.8,71,15,8.1,0,29.4,29.3,29.2,0
3/25/2018,85,74.1,66,67,64.4,60,97,74.5,43,22,14.1,5,29.3,29.3,29.2,0
3/26/2018,82,71.7,63,68,64.8,59,93,79.5,54,18,11.8,0,29.4,29.3,29.3,1
3/27/2018,72,64.3,59,64,61.9,59,100,92.3,73,24,10.4,0,29.3,29.3,29.2,0
3/28/2018,83,65.7,56,61,58.3,42,100,81.1,25,13,6.9,0,29.5,29.3,29.2,1
3/29/2018,74,64,55,55,50.8,48,86,63.9,44,18,9.3,0,29.7,29.6,29.6,1
3/30/2018,83,66,54,62,58.5,51,97,79.4,44,20,9.7,3,29.6,29.5,29.4,0
3/31/2018,82,71.2,64,66,63.1,61,93,76.8,54,13,9.3,5,29.4,29.4,29.3,0
4/1/2018,85,70.8,58,67,62.7,54,90,76.7,51,20,9.7,0,29.3,29.3,29.1,0
4/2/2018,80,72.7,65,71,64.4,40,90,76.6,40,24,12.1,0,29.5,29.2,29.1,0
4/3/2018,70,59.8,50,49,35.1,30,80,41.6,26,28,13.5,0,29.7,29.6,29.5,0
4/4/2018,78,68,56,67,57.6,47,87,70,56,16,9,0,29.6,29.4,29.3,0
4/5/2018,85,75.6,71,71,68.7,67,93,80.1,58,22,12.4,3,29.3,29.2,29.1,0
4/6/2018,72,50,41,69,44.6,35,96,81.6,73,28,18.4,12,29.5,29.4,29.2,0
4/7/2018,64,50.4,42,51,42.3,35,89,74.1,60,13,6.9,0,29.5,29.3,29.2,1
4/8/2018,65,59.4,51,55,53.2,49,97,80.8,67,14,9.8,3,29.6,29.4,29.3,0
4/9/2018,74,62,49,52,46.4,43,90,60.7,34,20,8.5,0,29.8,29.7,29.6,0
4/10/2018,81,63.3,43,59,49.2,41,97,65.5,34,18,8.4,0,29.7,29.5,29.4,0
4/11/2018,85,70.8,61,67,63.4,59,97,78.7,53,22,16,9,29.4,29.3,29.2,0
4/12/2018,85,74.1,60,72,67.1,52,94,79.2,51,28,14.9,8,29.2,29.1,29,0
4/13/2018,70,61.4,49,56,35.3,25,90,41.4,19,25,14.4,3,29.5,29.4,29.2,0
4/14/2018,73,55.7,41,43,34.6,28,83,51,21,14,5.9,0,29.7,29.6,29.5,1
4/15/2018,82,63,41,54,48,40,100,63.2,34,22,11,0,29.7,29.6,29.4,0
4/16/2018,84,69.3,54,62,58.2,54,100,71.2,41,25,14.8,6,29.5,29.4,29.3,0
4/17/2018,81,70,57,65,55.8,42,93,65.4,27,18,10.1,0,29.6,29.4,29.3,0
4/18/2018,76,64,53,43,38.6,35,66,41.6,23,18,11.9,0,29.8,29.6,29.6,0
4/19/2018,67,59.5,51,50,46.3,42,80,62.3,50,15,8.2,0,29.7,29.6,29.5,0
4/20/2018,71,64.8,59,69,62.3,52,100,91.4,75,17,6.5,0,29.4,29.4,29.3,0
4/21/2018,76,62.4,53,58,50.1,47,84,66.6,37,18,11.2,3,29.6,29.5,29.4,0
4/22/2018,84,66.1,48,54,49.1,46,93,60.4,27,10,4.3,0,29.5,29.5,29.4,1
4/23/2018,85,68.5,51,59,55.6,50,100,68,38,9,3.4,0,29.5,29.5,29.4,0
4/24/2018,86,65.6,53,61,55.7,47,100,75.5,27,21,8.2,0,29.5,29.5,29.4,0
4/25/2018,76,61.6,46,54,49.2,45,100,67.6,34,10,4.2,0,29.5,29.4,29.3,0
4/26/2018,78,65.3,51,57,51.8,49,96,65.7,36,10,4,0,29.6,29.5,29.4,1
4/27/2018,83,68.8,52,58,53.8,50,100,63.8,34,12,4.8,0,29.5,29.5,29.4,0
4/28/2018,81,68.4,51,62,55.1,51,100,67,35,15,7.1,0,29.6,29.5,29.4,0
4/29/2018,77,69.7,58,66,63.8,58,100,82.1,64,20,10.7,0,29.5,29.4,29.4,0
4/30/2018,81,74.1,70,72,68.9,66,93,83.9,72,23,13.3,8,29.5,29.4,29.4,0
5/1/2018,81,74.1,70,72,68.9,66,93,83.9,72,23,13.3,8,29.4,29.4,29.3,0
5/2/2018,86,77.7,73,73,70.7,68,97,80.3,57,28,14.6,7,29.4,29.4,29.3,0
5/3/2018,85,78.9,75,73,70.6,69,87,76.5,63,17,13.5,9,29.4,29.4,29.3,0
5/4/2018,74,68.1,63,72,66.3,62,100,93.8,87,32,10.8,0,29.6,29.5,29.4,0
5/5/2018,83,70,59,65,60,54,100,75.8,37,15,6.8,0,29.6,29.5,29.5,0
5/6/2018,87,71.8,55,61,56.5,53,93,64.4,33,9,2.6,0,29.6,29.5,29.5,0
5/7/2018,90,72.2,53,62,58.3,53,100,67.4,32,8,4.1,0,29.6,29.5,29.5,0
5/8/2018,88,75.9,63,61,57.7,51,84,55.8,36,17,10,5,29.5,29.5,29.4,0
5/9/2018,88,73.5,60,67,59.7,50,97,67.2,33,20,8.8,0,29.5,29.4,29.4,0
5/10/2018,88,71.2,60,67,62.7,57,100,78.8,35,20,9.5,0,29.5,29.4,29.4,0
5/11/2018,90,77.7,70,70,66,61,93,70.5,39,18,13.8,9,29.4,29.4,29.3,0
5/12/2018,92,80.1,71,70,68.1,64,93,69.5,39,17,12.5,7,29.4,29.4,29.3,0
5/13/2018,91,79.3,73,72,70,67,93,75.3,46,15,9.5,6,29.4,29.4,29.3,0
5/14/2018,90,80,73,72,69.7,65,93,72.8,46,15,8.9,3,29.4,29.4,29.3,0
5/15/2018,90,79.9,73,71,68.5,65,91,70,43,14,7.7,0,29.4,29.4,29.3,0
5/16/2018,95,80.5,67,69,65.6,63,93,64.1,34,9,4.3,0,29.4,29.3,29.2,0
5/17/2018,96,82.3,65,66,63.4,62,90,56,32,12,5.9,0,29.3,29.3,29.2,0
5/18/2018,95,80.1,72,70,67.5,64,93,68.6,37,18,10.6,0,29.3,29.2,29.1,0
5/19/2018,93,81.5,74,71,68.3,64,91,66.7,39,25,14.7,5,29.4,29.3,29.2,0
5/20/2018,85,75.1,70,72,70,68,93,84.8,65,20,10.2,3,29.4,29.4,29.3,0
5/21/2018,84,74.6,70,72,69,67,96,83.6,58,17,6.3,0,29.4,29.4,29.4,0
5/22/2018,88,76.2,67,72,68.6,65,100,80.1,48,12,4.2,0,29.5,29.4,29.3,0
5/23/2018,88,75.4,66,73,69.3,65,100,83.4,51,17,4.4,0,29.5,29.4,29.4,0
5/24/2018,91,77,69,73,70.2,68,100,82,47,9,3.4,0,29.5,29.5,29.4,0
5/25/2018,95,80.9,72,73,70.8,68,97,74.3,41,12,5.1,0,29.4,29.4,29.3,0
5/26/2018,96,84.4,72,72,69.7,66,93,64.2,38,12,7.3,3,29.3,29.2,29.1,0
5/27/2018,96,84.2,71,72,69.3,67,91,63.8,40,10,6.1,0,29.3,29.2,29.2,0
5/28/2018,95,84.3,69,72,68.5,65,93,61.9,38,9,4.3,0,29.3,29.2,29.2,0
5/29/2018,95,83.1,69,71,68.3,65,96,64.8,38,14,6.8,0,29.2,29.2,29.1,0
5/30/2018,96,82,71,72,69.6,67,97,69.2,38,18,10.8,0,29.3,29.2,29.1,0
5/31/2018,98,83.2,75,73,71.1,68,94,70.5,37,20,11.9,7,29.3,29.2,29.2,0
6/1/2018,99,85.5,76,74,72.5,70,94,67.6,39,15,5.4,0,29.5,29.4,29.4,0
6/2/2018,91,79.9,74,73,69.7,66,94,72.3,48,24,7.6,0,29.5,29.4,29.3,0
6/3/2018,100,85.6,73,73,69.7,65,97,63.4,33,15,9.2,0,29.3,29.3,29.2,0
6/4/2018,99,85.6,76,74,70.9,66,91,65.1,34,15,9.6,5,29.3,29.3,29.2,1
6/5/2018,98,84.3,74,75,70,62,97,66.8,30,16,9.9,0,29.4,29.4,29.3,0
6/6/2018,96,82.7,71,75,70,64,96,69.1,35,18,7.5,0,29.5,29.4,29.4,0
6/7/2018,96,81.4,74,75,71.6,67,97,74.6,38,28,7.9,0,29.5,29.4,29.4,0
6/8/2018,98,84.9,76,75,71.3,64,97,68.2,33,18,12,5,29.4,29.3,29.2,0
6/9/2018,97,85.7,77,74,70.5,66,90,63.6,37,21,14.5,9,29.3,29.3,29.2,0
6/10/2018,98,85.1,77,75,70.5,62,94,65.9,30,20,13.3,8,29.4,29.3,29.3,0
6/11/2018,98,84,73,75,69.7,62,96,67,30,17,8.1,0,29.5,29.4,29.3,0
6/12/2018,97,81.4,69,73,69.6,64,96,70.7,34,23,7.1,0,29.5,29.4,29.3,0
6/13/2018,96,80.9,71,73,70.6,68,97,73.8,40,23,8.2,0,29.4,29.4,29.3,0
6/14/2018,94,81.9,71,76,71.8,67,100,73.8,42,21,9.2,0,29.4,29.3,29.2,0
6/15/2018,93,80.5,70,74,71.2,68,97,75,45,16,5,0,29.4,29.3,29.3,0
6/16/2018,94,80,75,75,73.1,70,100,81.2,46,17,9.1,0,29.4,29.3,29.3,0
6/17/2018,80,76.2,74,75,73.8,72,100,92.7,85,15,8.3,3,29.4,29.3,29.3,1
6/18/2018,82,77.8,75,75,73.8,73,97,88,74,10,6.3,0,29.3,29.3,29.2,1
6/19/2018,93,80.8,74,75,73.2,70,100,79.8,47,12,4.4,0,29.4,29.3,29.3,1
6/20/2018,98,85.5,76,77,73.8,71,97,71.1,42,16,9.9,6,29.4,29.3,29.2,1
6/21/2018,98,85.3,75,75,72.5,70,94,68.7,40,22,13.9,6,29.3,29.2,29.1,1
6/22/2018,98,85.8,77,75,72,68,94,65.9,39,22,15.2,7,29.3,29.3,29.2,0
6/23/2018,94,83.8,77,76,72.4,68,90,70.8,45,18,12.9,7,29.4,29.4,29.3,0
6/24/2018,97,85,77,76,72.4,65,96,70,35,17,11.3,7,29.5,29.4,29.3,0
6/25/2018,98,85,75,74,70.8,66,96,66.6,35,18,11.2,6,29.4,29.4,29.3,0
6/26/2018,98,84,74,74,71.5,66,97,69.9,36,18,10.9,6,29.4,29.4,29.3,1
6/27/2018,98,85.1,76,74,72,69,91,67.8,39,22,13.4,6,29.4,29.4,29.3,0
6/28/2018,99,85.8,77,75,71.4,65,94,65.6,33,22,13.5,6,29.4,29.4,29.3,0
6/29/2018,103,85.9,76,73,69.6,61,91,63.8,25,18,11.9,8,29.4,29.4,29.3,0
6/30/2018,100,86.4,74,74,69.1,63,93,60.6,29,15,9.2,0,29.4,29.4,29.3,0
7/1/2018,101,85.5,74,74,69.7,62,97,65.2,29,16,7.4,0,29.4,29.4,29.3,0
7/2/2018,98,79.2,72,75,73.1,68,97,83.8,39,15,6.9,0,29.5,29.4,29.4,0
7/3/2018,93,79.5,71,72,69.5,65,97,75.1,41,13,6.9,0,29.6,29.6,29.5,0
7/4/2018,95,84.1,74,75,71.3,65,97,68.3,37,14,6.9,0,29.6,29.5,29.4,0
7/5/2018,92,80.6,73,75,72.4,69,100,77.9,47,14,6.3,0,29.6,29.5,29.4,1
7/6/2018,95,80.9,71,73,71.5,67,97,75.3,41,20,6.5,0,29.5,29.5,29.4,1
7/7/2018,83,76.4,72,75,72.9,71,97,89.1,72,8,3.8,0,29.6,29.6,29.5,1
7/8/2018,94,79.2,70,75,71.6,66,100,81.2,40,10,3.9,0,29.6,29.6,29.4,0
7/9/2018,96,84.5,74,74,70.9,67,94,66.9,38,10,5.6,0,29.5,29.4,29.4,0
7/10/2018,96,84.9,74,74,69.1,64,97,62.9,35,12,8,0,29.5,29.4,29.4,1
7/11/2018,96,83.9,74,75,70.6,64,97,68.3,36,14,9.1,3,29.5,29.5,29.4,0
7/12/2018,97,84.6,75,75,71.4,66,96,68.3,36,16,10,5,29.5,29.5,29.4,0
7/13/2018,97,85.3,75,75,70.9,55,97,66,24,16,10.6,5,29.5,29.4,29.3,0
7/14/2018,98,84.9,75,75,69.7,58,96,65.5,26,16,9.6,3,29.5,29.4,29.4,0
7/15/2018,99,84.4,73,74,69,59,100,65.6,26,15,8,3,29.5,29.5,29.4,0
7/16/2018,101,86.9,74,76,68.8,57,100,61.7,23,17,9.5,5,29.4,29.4,29.3,0
7/17/2018,103,86.8,76,77,70.5,59,97,65,24,15,9.6,7,29.4,29.3,29.3,0
7/18/2018,103,87.4,75,75,69.2,58,97,61.6,23,14,9.4,5,29.4,29.4,29.3,0
7/19/2018,102,85,71,75,70,61,100,67.5,26,16,8.9,0,29.5,29.4,29.3,0
7/20/2018,104,89.2,75,76,67.7,56,97,56.4,20,14,8.1,3,29.4,29.4,29.3,0
7/21/2018,109,92.2,76,74,66.2,57,91,49.2,19,12,6.5,0,29.3,29.3,29.2,0
7/22/2018,101,90.7,81,75,69.6,65,77,51.7,32,16,8.3,0,29.4,29.4,29.3,0
7/23/2018,101,87.8,75,75,66.2,60,90,53.8,26,10,3.7,0,29.5,29.4,29.4,0
7/24/2018,99,86.6,70,68,60.7,53,87,46.4,21,9,4.3,0,29.5,29.4,29.4,0
7/25/2018,102,86.9,69,64,59.8,53,81,44.8,20,16,7.2,0,29.5,29.4,29.4,0
7/26/2018,100,86.5,69,73,66.8,60,100,57.1,27,10,6.8,0,29.5,29.4,29.3,0
7/27/2018,102,87.4,74,75,69.5,63,94,60.4,28,12,7.6,3,29.4,29.4,29.3,0
7/28/2018,100,88.2,77,75,69.8,64,94,58.9,31,10,7.6,5,29.4,29.4,29.3,0
7/29/2018,98,85.8,76,74,69.3,58,87,60.7,28,17,7,0,29.4,29.4,29.3,0
7/30/2018,99,83.5,69,71,58.5,48,93,49.8,19,15,6,0,29.5,29.4,29.3,0
7/31/2018,98,82.7,64,61,57.3,53,84,46.8,23,13,4.3,0,29.5,29.4,29.3,0
8/1/2018,98,84.6,68,69,62,54,87,51.7,23,14,6.2,0,29.5,29.4,29.4,0
8/2/2018,97,82.5,67,73,68.4,64,97,66.4,34,23,7.8,0,29.4,29.4,29.4,0
8/3/2018,97,83,73,75,70.2,61,94,69,30,20,8.5,0,29.6,29.5,29.4,0
8/4/2018,95,83,71,74,70.4,67,97,69,41,20,6.4,0,29.5,29.5,29.4,0
8/5/2018,99,84.6,73,74,70.3,67,96,65.9,35,17,8.7,0,29.5,29.4,29.3,0
8/6/2018,100,86.2,78,75,70.3,63,90,63.5,31,17,10.2,0,29.5,29.4,29.3,0
8/7/2018,99,86.3,72,74,69.3,63,97,61.2,30,14,7.7,0,29.5,29.4,29.3,0
8/8/2018,97,85.8,76,75,70,65,91,62.3,35,15,7.1,0,29.5,29.4,29.3,0
8/9/2018,96,82.9,78,75,72.1,68,90,71.2,40,20,5.4,0,29.5,29.4,29.4,0
8/10/2018,91,79.2,75,76,73.7,70,96,84.3,50,15,6.5,0,29.5,29.4,29.4,0
8/11/2018,96,84.5,76,77,71.2,62,94,69,32,22,11.7,0,29.5,29.4,29.3,0
8/12/2018,97,84.7,74,74,70.8,67,97,66.8,37,17,11,3,29.4,29.4,29.3,1
8/13/2018,100,85.7,75,75,70.5,65,94,64.5,33,16,8.8,3,29.4,29.4,29.3,1
8/14/2018,101,87.3,77,75,71.7,66,90,63.6,32,17,10.4,5,29.5,29.4,29.4,0
8/15/2018,102,86.5,73,75,69.1,60,96,62.1,25,15,8,0,29.5,29.5,29.4,0
8/16/2018,101,87.7,76,74,67.1,60,94,56.3,26,15,8.7,5,29.5,29.4,29.3,0
8/17/2018,102,86.9,76,75,70.2,61,94,62.5,26,17,10.6,6,29.4,29.3,29.2,0
8/18/2018,101,88.6,79,76,71,64,90,60,31,14,7.7,0,29.4,29.4,29.3,0
8/19/2018,102,89.3,77,74,69.6,64,88,56.1,31,13,5.9,0,29.5,29.5,29.4,0
8/20/2018,102,89.5,78,74,67.5,60,79,52,26,10,6.2,0,29.6,29.5,29.4,1
8/21/2018,102,89.1,75,72,66.8,62,85,51.6,28,13,6.7,0,29.5,29.4,29.3,0
8/22/2018,101,87.5,73,73,66.9,62,90,54.4,28,15,8.9,0,29.4,29.4,29.3,0
8/23/2018,100,90.1,79,75,68.9,63,84,52.4,31,17,11.1,6,29.5,29.4,29.4,0
8/24/2018,100,85.7,76,75,70.5,62,88,64.3,30,23,8.2,0,29.5,29.4,29.3,0
8/25/2018,101,87.3,76,75,71,64,94,62.7,31,18,10.4,3,29.4,29.4,29.3,0
8/26/2018,102,93.4,84,72,67.4,62,67,45,28,21,14.1,8,29.4,29.3,29.3,0
8/27/2018,100,85.7,78,75,71.6,64,87,65.8,31,24,9.1,0,29.5,29.4,29.4,0
8/28/2018,99,84.5,74,74,70.8,63,91,66.8,32,15,4.7,0,29.5,29.4,29.3,0
8/29/2018,99,83.7,70,72,68.9,64,93,65.3,32,16,4.8,0,29.4,29.4,29.3,0
8/30/2018,98,85.2,73,73,69.5,65,90,63,34,17,5.4,0,29.4,29.3,29.2,0
8/31/2018,98,84.4,74,74,71.5,67,91,67.6,37,21,6.7,0,29.4,29.3,29.2,0
9/1/2018,94,80.2,75,76,73.3,68,94,81,43,15,5.8,0,29.4,29.3,29.3,0
9/2/2018,92,80.4,76,75,73.7,70,94,81.3,50,10,6.1,0,29.4,29.4,29.3,0
9/3/2018,94,81.7,74,76,73.5,70,97,78.1,46,12,4.4,0,29.5,29.4,29.4,0
9/4/2018,93,81.9,76,77,73.5,69,94,77.5,45,29,5.5,0,29.5,29.4,29.4,1
9/5/2018,87,79.7,75,75,73.8,72,94,83,61,16,3.1,0,29.5,29.4,29.3,1
9/6/2018,91,80.5,74,75,72.6,70,93,77.9,52,16,5,0,29.4,29.3,29.3,0
9/7/2018,79,75.6,73,74,72.4,70,97,90,81,13,7.3,3,29.4,29.3,29.3,1
9/8/2018,77,74.7,72,70,68.5,67,93,81.3,74,14,8.6,0,29.4,29.4,29.3,1
9/9/2018,85,75.7,72,75,72.3,70,94,89.5,63,13,6.5,3,29.4,29.4,29.3,1
9/10/2018,86,78.7,75,76,73.6,73,94,85,65,21,6.4,0,29.4,29.4,29.3,1
9/11/2018,90,79.2,73,74,72.5,70,94,81.2,52,15,8.2,0,29.4,29.4,29.3,1
9/12/2018,85,78,73,76,73.2,71,93,85.6,65,17,8.7,3,29.4,29.4,29.3,1
9/13/2018,85,78.2,74,76,73.6,72,94,86.1,69,16,9.4,0,29.4,29.4,29.3,1
9/14/2018,89,77.2,72,75,72.5,71,100,86.3,57,24,3.7,0,29.4,29.4,29.3,0
9/15/2018,92,79.5,70,74,70.5,67,97,76.6,45,8,2.8,0,29.4,29.4,29.3,1
9/16/2018,93,82.3,74,75,71.5,68,94,72.5,44,10,4.8,0,29.4,29.4,29.3,1
9/17/2018,93,80.5,71,75,71.8,69,97,76.5,49,10,4.5,0,29.4,29.4,29.3,1
9/18/2018,89,79.1,76,78,74.7,71,97,87.1,55,15,6,0,29.4,29.4,29.3,0
9/19/2018,89,81.9,77,78,76.3,73,96,84.2,59,14,6.8,0,29.4,29.3,29.3,0
9/20/2018,80,75.5,71,77,70.1,63,94,83.9,66,14,9.1,3,29.4,29.4,29.3,0
9/21/2018,80,73,66,70,66.7,63,93,80.9,64,9,3.4,0,29.4,29.3,29.3,1
9/22/2018,90,78.4,72,72,69.9,68,93,76.7,48,10,2.9,0,29.4,29.3,29.3,1
9/23/2018,93,81.4,74,76,73.4,70,94,78.7,48,13,7.2,0,29.4,29.4,29.3,1
9/24/2018,88,78.5,70,76,71.5,58,100,80.1,61,18,7.9,0,29.5,29.4,29.4,0
9/25/2018,79,69.9,63,63,57.5,52,97,65.6,54,14,8.5,0,29.5,29.5,29.4,0
9/26/2018,84,73,60,72,66.3,60,100,81.2,61,9,3.8,0,29.5,29.5,29.4,0
9/27/2018,81,75.4,71,73,71.7,70,96,88.5,72,18,5.4,0,29.6,29.5,29.5,1
9/28/2018,85,74.2,68,72,70,67,100,87.7,59,22,4,0,29.6,29.5,29.5,0
9/29/2018,86,75,67,75,71.5,67,100,89.9,67,14,2.9,0,29.6,29.5,29.5,0
9/30/2018,89,76.7,69,75,72.7,69,100,88.8,59,10,4,0,29.6,29.5,29.4,0
10/1/2018,91,79.2,73,75,72.8,69,100,82.7,50,14,7.3,3,29.5,29.4,29.4,0
10/2/2018,91,80.5,72,74,71.9,67,100,77.6,46,12,6.8,0,29.5,29.4,29.4,1
10/3/2018,92,80.2,74,76,73.3,67,97,81.7,44,16,8.3,3,29.4,29.4,29.3,0
10/4/2018,87,79.1,75,76,74.5,73,100,86.4,65,15,6.9,0,29.4,29.4,29.3,0
10/5/2018,89,78.8,71,76,72.8,70,100,83.1,57,20,7.9,0,29.4,29.3,29.3,0
10/6/2018,83,76.1,72,76,72.9,70,97,90.2,65,15,6.4,0,29.3,29.2,29.2,0
10/7/2018,82,74.9,69,76,71.9,68,100,90.7,76,20,6.4,0,29.2,29.1,29.1,1
10/8/2018,78,69.5,63,70,65.5,60,100,88.4,56,17,5.9,0,29.4,29.3,29.2,0
10/9/2018,75,67.5,60,60,57.3,54,93,71.3,53,16,7.4,0,29.5,29.5,29.4,1
10/10/2018,85,73.6,60,71,64.4,58,93,74.5,53,16,5.8,0,29.4,29.4,29.3,1
10/11/2018,91,80,72,77,73.4,69,93,81.4,55,22,11.9,0,29.3,29.2,29.1,0
10/12/2018,90,77.3,69,77,71.2,67,97,82.6,57,18,8.1,0,29.3,29.3,29.2,0
10/13/2018,76,49.9,45,73,46.7,43,93,89,78,23,18.8,5,29.6,29.6,29.3,0
10/14/2018,52,49.8,48,49,46.9,45,96,89.8,83,17,13.1,6,29.6,29.6,29.6,1
10/15/2018,60,55.9,51,56,52.3,49,96,87.9,80,21,12.6,7,29.7,29.7,29.6,1
10/16/2018,62,58.6,55,58,54.1,48,93,85.1,75,15,10.9,6,29.7,29.7,29.6,1
10/17/2018,66,63.1,60,63,60.6,58,97,91.5,86,9,7,3,29.6,29.6,29.5,1
10/18/2018,68,65.2,61,61,59.7,58,93,82.6,73,18,11.5,3,29.7,29.6,29.5,1
10/19/2018,74,63.5,56,54,48.4,44,90,60.1,37,14,10.4,0,29.7,29.7,29.6,1
10/20/2018,65,59.7,56,56,51.3,48,90,74.7,54,8,4,0,29.6,29.6,29.6,1
10/21/2018,67,59.8,53,55,51.1,45,93,74.9,45,13,6,0,29.6,29.6,29.5,0
10/22/2018,63,60.3,58,62,58.2,53,97,92.9,78,10,6.6,3,29.5,29.4,29.4,0
10/23/2018,68,60.7,52,60,55.9,50,97,84.9,59,12,5.8,0,29.4,29.4,29.3,1
10/24/2018,80,62.8,49,61,55.1,49,100,79.4,44,12,3.6,0,29.4,29.4,29.4,1
10/25/2018,86,67.2,50,62,56.4,50,100,73.3,36,12,5.3,0,29.5,29.5,29.4,1
10/26/2018,84,67,54,63,56.9,53,100,73.8,40,16,5.6,0,29.6,29.5,29.5,0
10/27/2018,84,66.9,55,67,60.9,54,100,83.3,51,16,5.3,0,29.6,29.5,29.4,0
10/28/2018,84,73.5,66,69,66.8,64,97,81.1,55,20,9.9,3,29.4,29.4,29.3,0
10/29/2018,84,70.6,59,72,66.1,56,97,86.5,63,23,10.5,0,29.3,29.3,29.1,0
10/30/2018,69,58.6,48,56,44.4,38,89,62.7,33,16,8.5,0,29.5,29.4,29.3,0
10/31/2018,77,58.7,41,50,44,38,96,64.2,24,7,3.7,0,29.6,29.5,29.4,0
11/1/2018,78,64.1,48,61,53.5,45,93,70.9,45,22,10.5,0,29.4,29.4,29.3,1
11/2/2018,73,63.6,52,63,52.4,46,93,70.1,39,13,7.3,0,29.6,29.4,29.4,0
11/3/2018,79,67,52,67,62.3,49,97,85.7,66,21,8.5,0,29.4,29.3,29.2,0
11/4/2018,80,68.2,59,73,66.2,58,97,93.4,76,9,1.9,0,29.3,29.3,29.3,1
11/5/2018,88,75.9,64,74,69.8,60,97,82.7,53,21,7.5,0,29.4,29.3,29.3,0
11/6/2018,63,60.4,57,60,57.3,55,96,89.6,84,18,12.8,9,29.5,29.4,29.4,0
11/7/2018,60,54.6,51,54,45.1,38,89,71.2,51,26,19.8,8,29.8,29.7,29.5,1
11/8/2018,54,50.5,48,37,34.5,30,61,54.7,41,14,8.5,0,29.8,29.7,29.6,0
11/9/2018,55,51.4,48,50,45.4,37,96,80.5,64,13,6.5,0,29.6,29.5,29.4,1
11/10/2018,51,47.6,40,48,42.4,30,93,82.6,67,29,16.5,6,29.8,29.6,29.4,1
11/11/2018,47,39.4,35,29,24.4,20,68,56.1,39,25,15.4,5,30,29.9,29.9,0
11/12/2018,56,39.9,25,29,22.6,15,85,55,26,12,4.9,0,30,29.9,29.8,1
11/13/2018,64,45,28,36,31,25,92,63.8,30,13,4.8,0,29.8,29.7,29.6,1
11/14/2018,70,49.3,32,38,34.5,29,92,64,27,12,4.2,0,29.6,29.6,29.5,0
11/15/2018,75,55.4,39,58,47.8,37,93,77.7,48,17,4.2,0,29.6,29.5,29.5,0
11/16/2018,62,52.6,45,57,45.1,38,89,76.1,61,17,12.7,0,29.7,29.6,29.5,0
11/17/2018,53,49,44,40,38.5,37,85,67.7,57,14,9.8,7,29.7,29.6,29.6,0
11/18/2018,63,48.7,38,38,36.5,34,89,66,38,14,7.2,0,29.8,29.7,29.7,1
11/19/2018,56,47.5,36,49,40.8,33,93,79,53,12,2.1,0,29.8,29.7,29.7,1
11/20/2018,62,56,50,51,47.9,45,93,75.5,56,8,3.8,0,29.7,29.6,29.5,0
11/21/2018,79,61.2,49,60,51.1,43,93,72.7,28,14,6.7,0,29.5,29.4,29.2,0
11/22/2018,76,58.2,40,58,46.1,39,97,69.1,30,14,5.3,0,29.3,29.2,29.1,1
11/23/2018,69,61.8,50,61,43.5,28,93,57.4,23,24,13.9,5,29.6,29.3,29.1,0
11/24/2018,59,47,32,31,26.8,23,85,48.4,25,22,10,0,29.8,29.7,29.6,0
11/25/2018,64,46.4,30,33,28.9,25,92,56.6,24,15,6.2,0,29.7,29.6,29.5,0
11/26/2018,71,57.3,45,53,46.6,34,96,69.1,49,22,10.8,0,29.5,29.4,29.3,0
11/27/2018,75,63.9,52,66,60,50,100,88,66,21,11.4,0,29.4,29.3,29.2,0
11/28/2018,77,70.3,67,68,65.6,64,97,85.5,66,18,10.8,6,29.3,29.1,29,0
11/29/2018,79,64.8,46,57,40.3,30,93,46.8,17,16,7.4,0,29.2,29.1,29.1,0
11/30/2018,70,55.3,43,42,38.5,36,82,56.8,31,16,7.8,0,29.4,29.3,29.2,0
12/1/2018,79,64.8,46,57,40.3,30,93,46.8,17,16,7.4,0,29.2,29.1,29.1,1
12/2/2018,70,55.3,43,42,38.5,36,82,56.8,31,16,7.8,0,29.4,29.3,29.2,0
12/3/2018,64,54.2,42,38,36.1,35,76,52.4,35,18,12.5,6,29.7,29.6,29.4,0
12/4/2018,57,47.3,39,34,33.3,31,76,59.5,42,14,9.3,0,29.8,29.7,29.7,0
12/5/2018,57,48.5,42,40,32.8,30,71,55.6,37,10,5.5,0,29.9,29.8,29.7,0
12/6/2018,58,56.8,55,56,54.9,52,97,93.4,89,9,5.2,0,29.6,29.6,29.5,0
12/7/2018,56,51.7,48,55,49.6,45,97,92.4,89,22,13.2,7,29.7,29.6,29.5,1
12/8/2018,48,45.8,43,45,40.4,36,90,81.6,73,20,13.7,9,29.7,29.6,29.5,1
12/9/2018,55,44.4,37,39,35.4,32,89,71.5,53,16,10.2,0,29.8,29.7,29.7,0
12/10/2018,59,44.5,34,33,30.3,26,89,62,28,8,4,0,29.9,29.8,29.8,0
12/11/2018,63,45.9,30,46,37.4,27,96,75.1,41,17,6.2,0,29.8,29.7,29.6,0
12/12/2018,67,58.7,48,62,54.2,46,97,85.5,73,20,6.8,0,29.5,29.4,29.2,0
12/13/2018,71,59.5,46,62,46.8,27,97,68.3,21,21,12.4,5,29.3,29.2,29.1,0
12/14/2018,54,49.2,45,39,35.4,28,73,60,38,21,15.7,7,29.6,29.4,29.3,0
12/15/2018,69,52.3,38,31,24,17,76,36.8,14,15,7.3,0,29.7,29.6,29.6,0
12/16/2018,65,47.1,30,41,34.2,26,89,64.9,28,7,2,0,29.8,29.7,29.6,0
12/17/2018,72,53.3,38,42,37.5,32,83,60.6,24,7,2.1,0,29.7,29.6,29.6,0
12/18/2018,64,50.1,35,56,46.8,32,97,88.9,63,10,2.5,0,29.6,29.5,29.4,0
12/19/2018,63,57.1,50,57,55.3,49,100,93.7,75,8,4.5,0,29.4,29.3,29.1,1
12/20/2018,65,57.3,50,55,35.9,24,100,50.8,23,26,13.4,5,29.5,29.4,29.3,0
12/21/2018,66,50.6,38,32,28.3,25,79,45.1,23,12,6.5,0,29.6,29.4,29.4,0
12/22/2018,79,56.5,43,42,38.3,34,83,55,25,16,7.3,0,29.5,29.4,29.3,0
12/23/2018,63,51.8,40,43,35.9,31,76,56.9,35,20,11.3,3,29.8,29.7,29.5,0
12/24/2018,65,51.2,33,60,43,30,93,74.5,60,12,3.5,0,29.7,29.6,29.5,0
12/25/2018,76,65.4,59,63,59.7,57,96,82.8,58,18,8.4,0,29.5,29.5,29.4,0
12/26/2018,72,66.6,54,69,63.1,52,93,88.7,81,22,14.9,7,29.4,29.3,29.1,0
12/27/2018,70,57.6,49,53,46.2,38,93,70.3,31,15,6.3,0,29.4,29.2,29.1,1
12/28/2018,54,47.3,41,39,33.9,31,79,60.5,47,21,15.5,9,29.6,29.5,29.4,0
12/29/2018,47,44.3,43,33,31.6,30,65,60.8,56,21,16.2,13,29.7,29.6,29.6,0
12/30/2018,43,40.8,39,40,36.7,31,96,85.5,65,13,7.2,0,29.6,29.5,29.3,0
12/31/2018,61,47.6,36,48,43,36,100,85.3,58,12,5.9,0,29.5,29.3,29.3,1
